index,상품번호,랭킹,상품명,옵션,가격,리뷰,구매건수,찜하기,쇼핑몰,배송비,중량,100g당_가격,배송비포함_가격,100g당_배송비포함_가격
1,6660419570.0,1,당일도축 대구뭉티기 육사시미 한우 육회 생고기 뭉텅이 뭉태기,당일도축 육회200g,11900,28.0,65.0,34,전라도청년,3000,200,5950,14900,7450
2,6660419570.0,1,당일도축 대구뭉티기 육사시미 한우 육회 생고기 뭉텅이 뭉태기,당일도축 육회400g (+10000원),21900,28.0,65.0,34,전라도청년,3000,400,5475,24900,6225
3,6660419570.0,1,당일도축 대구뭉티기 육사시미 한우 육회 생고기 뭉텅이 뭉태기,당일도축 육회600g (+20000원),31900,28.0,65.0,34,전라도청년,3000,600,5317,34900,5817
4,6660419570.0,1,당일도축 대구뭉티기 육사시미 한우 육회 생고기 뭉텅이 뭉태기,당일도축 육사시미(뭉티기)200g (+1000원),12900,28.0,65.0,34,전라도청년,3000,200,6450,15900,7950
5,6660419570.0,1,당일도축 대구뭉티기 육사시미 한우 육회 생고기 뭉텅이 뭉태기,당일도축 육사시미(뭉티기)400g (+11000원),22900,28.0,65.0,34,전라도청년,3000,400,5725,25900,6475
6,6660419570.0,1,당일도축 대구뭉티기 육사시미 한우 육회 생고기 뭉텅이 뭉태기,당일도축 육사시미(뭉티기)600g (+23000원),34900,28.0,65.0,34,전라도청년,3000,600,5817,37900,6317
7,6174273536.0,2,[당일도축] 대구뭉티기 육사시미 한우육회 뭉텅이,1. 뭉티기 200g,14900,155.0,276.0,303,성수동클래식,3500,200,7450,18400,9200
8,6174273536.0,2,[당일도축] 대구뭉티기 육사시미 한우육회 뭉텅이,2. 뭉티기 400g (+11000원),25900,155.0,276.0,303,성수동클래식,3500,400,6475,29400,7350
9,6174273536.0,2,[당일도축] 대구뭉티기 육사시미 한우육회 뭉텅이,3. 뭉티기 600g (+22700원),37600,155.0,276.0,303,성수동클래식,3500,600,6267,41100,6850
10,6174273536.0,2,[당일도축] 대구뭉티기 육사시미 한우육회 뭉텅이,4. 육회 200g (-1000원),13900,155.0,276.0,303,성수동클래식,3500,200,6950,17400,8700
11,6174273536.0,2,[당일도축] 대구뭉티기 육사시미 한우육회 뭉텅이,5. 육회 400g (+9400원),24300,155.0,276.0,303,성수동클래식,3500,400,6075,27800,6950
12,6174273536.0,2,[당일도축] 대구뭉티기 육사시미 한우육회 뭉텅이,6. 육회 600g (+20000원),34900,155.0,276.0,303,성수동클래식,3500,600,5817,38400,6400
13,6174273536.0,2,[당일도축] 대구뭉티기 육사시미 한우육회 뭉텅이,7. 뭉티기200g+육회200g (1-2인분) (+13100원),28000,155.0,276.0,303,성수동클래식,3500,400,7000,31500,7875
14,6174273536.0,2,[당일도축] 대구뭉티기 육사시미 한우육회 뭉텅이,8. 뭉티기400g+육회400g (3-4인분) (+34100원),49000,155.0,276.0,303,성수동클래식,3500,800,6125,52500,6563
15,6174273536.0,2,[당일도축] 대구뭉티기 육사시미 한우육회 뭉텅이,9. 뭉티기600g+육회600g (5-6인분) (+55000원),69900,155.0,276.0,303,성수동클래식,3500,1200,5825,73400,6117
16,4762993608.0,3,당일도축 대구뭉티기 한우육회 소고기 육회 생고기 육사시미 250g,육사시미 250g 오전9시마감(다음영업일출고),21800,7740.0,4030.0,1527,솔직한농부,4000,250,8720,25800,10320
17,6140087642.0,4,[백십일] 무료배송 한우 뭉티기 당일도축 대구 육사시미 200g,없음,24900,623.0,1216.0,816,백십일,0,200,12450,24900,12450
18,6428994442.0,5,당일도축 대구뭉티기 한우 생고기 육사시미 육회,당일도축 뭉티기 뭉티기 250g + 대구식 특제 양념장,20800,302.0,638.0,218,고기에 진심을 담다,4000,250,8320,24800,9920
19,6428994442.0,5,당일도축 대구뭉티기 한우 생고기 육사시미 육회,당일도축 뭉티기 뭉티기 300g + 대구식 특제 양념장 (+2000원),22800,302.0,638.0,218,고기에 진심을 담다,4000,300,7600,26800,8934
20,6428994442.0,5,당일도축 대구뭉티기 한우 생고기 육사시미 육회,당일도축 육회 육회 250g + 육회소스,20800,302.0,638.0,218,고기에 진심을 담다,4000,250,8320,24800,9920
21,6428994442.0,5,당일도축 대구뭉티기 한우 생고기 육사시미 육회,당일도축 육회 육회 300g + 육회소스 (+2000원),22800,302.0,638.0,218,고기에 진심을 담다,4000,300,7600,26800,8934
22,5086860129.0,6,한우 대구뭉티기 육사시미 소고기 육회 생고기 300g,[가성비 1인 술안주용] 뭉티기 200g (-4000원),17900,2887.0,2401.0,1067,아이러브농수산,4000,200,8950,21900,10950
23,5086860129.0,6,한우 대구뭉티기 육사시미 소고기 육회 생고기 300g,[가성비 1인 술안주용] 육회 200g (-4000원),17900,2887.0,2401.0,1067,아이러브농수산,4000,200,8950,21900,10950
24,5086860129.0,6,한우 대구뭉티기 육사시미 소고기 육회 생고기 300g,[1인용] 뭉티기 300g,21900,2887.0,2401.0,1067,아이러브농수산,4000,300,7300,25900,8634
25,5086860129.0,6,한우 대구뭉티기 육사시미 소고기 육회 생고기 300g,[1인용] 육회 300g,21900,2887.0,2401.0,1067,아이러브농수산,4000,300,7300,25900,8634
26,5171622158.0,7,한우 암소 투플러스 우둔살 보섭살 육사시미 육회 뭉티기 한우생고기 1++,우둔살(통)300g,18000,886.0,1098.0,424,소문난정육점,3000,300,6000,21000,7000
27,5171622158.0,7,한우 암소 투플러스 우둔살 보섭살 육사시미 육회 뭉티기 한우생고기 1++,우둔살(통)600g (+18000원),36000,886.0,1098.0,424,소문난정육점,3000,600,6000,39000,6500
28,5171622158.0,7,한우 암소 투플러스 우둔살 보섭살 육사시미 육회 뭉티기 한우생고기 1++,우둔살(육회)300g,18000,886.0,1098.0,424,소문난정육점,3000,300,6000,21000,7000
29,5171622158.0,7,한우 암소 투플러스 우둔살 보섭살 육사시미 육회 뭉티기 한우생고기 1++,우둔살(육회)600g (+18000원),36000,886.0,1098.0,424,소문난정육점,3000,600,6000,39000,6500
30,5171622158.0,7,한우 암소 투플러스 우둔살 보섭살 육사시미 육회 뭉티기 한우생고기 1++,우둔살(육사시미)300g,18000,886.0,1098.0,424,소문난정육점,3000,300,6000,21000,7000
31,5171622158.0,7,한우 암소 투플러스 우둔살 보섭살 육사시미 육회 뭉티기 한우생고기 1++,우둔살(육사시미)600g (+18000원),36000,886.0,1098.0,424,소문난정육점,3000,600,6000,39000,6500
32,4831500201.0,8,당일도축분 대구뭉티기 한우육사시미300g 생고기 육회 양념장제공,육사시미300g,20400,976.0,768.0,321,동인축산,4000,300,6800,24400,8134
33,4831500201.0,8,당일도축분 대구뭉티기 한우육사시미300g 생고기 육회 양념장제공,육사시미600g (+18100원) (품절),38500,976.0,768.0,321,동인축산,4000,600,6417,42500,7084
34,4831500201.0,8,당일도축분 대구뭉티기 한우육사시미300g 생고기 육회 양념장제공,한우육회300g (-2400원),18000,976.0,768.0,321,동인축산,4000,300,6000,22000,7334
35,4831500201.0,8,당일도축분 대구뭉티기 한우육사시미300g 생고기 육회 양념장제공,육사시미300g+육회300g (+11600원),32000,976.0,768.0,321,동인축산,4000,600,5334,36000,6000
36,,9,당일도축 대구뭉티기 한우 생고기 육사시미 육회 250g,당일도축 뭉티기 뭉티기 250g + 대구식 특제 양념장,20800,4093.0,1221.0,573,관문시장 김수현,4000,250,8320,24800,9920
37,,9,당일도축 대구뭉티기 한우 생고기 육사시미 육회 250g,당일도축 뭉티기 뭉티기 300g + 대구식 특제 양념장 (+2000원),22800,4093.0,1221.0,573,관문시장 김수현,4000,300,7600,26800,8934
38,,9,당일도축 대구뭉티기 한우 생고기 육사시미 육회 250g,당일도축 육회 육회 250g + 육회소스,20800,4093.0,1221.0,573,관문시장 김수현,4000,250,8320,24800,9920
39,,9,당일도축 대구뭉티기 한우 생고기 육사시미 육회 250g,당일도축 육회 육회 300g + 육회소스 (+2000원),22800,4093.0,1221.0,573,관문시장 김수현,4000,300,7600,26800,8934
40,5058972428.0,10,당일도축 한우 육회 뭉티기 육사시미 양념장 무료제공 대구 명물 오드레기,한우 생고기(뭉티기) 120g-양념장포함,15900,1707.0,772.0,553,백년밥상,3500,120,13250,19400,16167
41,5058972428.0,10,당일도축 한우 육회 뭉티기 육사시미 양념장 무료제공 대구 명물 오드레기,한우 생고기(뭉티기) 240g-양념장포함 (+13900원),29800,1707.0,772.0,553,백년밥상,3500,240,12417,33300,13875
42,5058972428.0,10,당일도축 한우 육회 뭉티기 육사시미 양념장 무료제공 대구 명물 오드레기,한우 육회 120g-양념장포함,15900,1707.0,772.0,553,백년밥상,3500,120,13250,19400,16167
43,5058972428.0,10,당일도축 한우 육회 뭉티기 육사시미 양념장 무료제공 대구 명물 오드레기,한우 육회 240g-양념장포함 (+13900원),29800,1707.0,772.0,553,백년밥상,3500,240,12417,33300,13875
44,4859807569.0,11,당일도축 삼남매고깃간 한우 육사시미 뭉티기 생고기 120g 양념장서비스,육사시미 120g 1인분(덩어리째),11700,2105.0,424.0,238,오가닉빅마트,4000,120,9750,15700,13084
45,4859807569.0,11,당일도축 삼남매고깃간 한우 육사시미 뭉티기 생고기 120g 양념장서비스,육회 120g 1인분(덩어리째) (+800원),12500,2105.0,424.0,238,오가닉빅마트,4000,120,10417,16500,13750
46,5763128946.0,12,당일도축 대구뭉티기 육사시미 한우육회 소고기 육회 생고기 250g 600g,육사시미250g+전용 양념장 (+7000원),23900,239.0,546.0,297,시장마트,4000,250,9560,27900,11160
47,5763128946.0,12,당일도축 대구뭉티기 육사시미 한우육회 소고기 육회 생고기 250g 600g,육사시미600g+전용 양념장 (+25100원),42000,239.0,546.0,297,시장마트,4000,600,7000,46000,7667
48,5763128946.0,12,당일도축 대구뭉티기 육사시미 한우육회 소고기 육회 생고기 250g 600g,육회300g+전용 양념장2개,16900,239.0,546.0,297,시장마트,4000,300,5634,20900,6967
49,5763128946.0,12,당일도축 대구뭉티기 육사시미 한우육회 소고기 육회 생고기 250g 600g,육회600g+전용 양념장2개 (+14000원),30900,239.0,546.0,297,시장마트,4000,600,5150,34900,5817
50,5763128946.0,12,당일도축 대구뭉티기 육사시미 한우육회 소고기 육회 생고기 250g 600g,육사시미250g+육회300g+전용 양념장3개 (+19100원),36000,239.0,546.0,297,시장마트,4000,550,6546,40000,7273
51,5752464740.0,13,당일도축 한우 암소 대구뭉티기 생고기 우둔살 육사시미 육회 물회 캠핑고기,한우대구뭉티기,14800,532.0,680.0,325,그립소,3500,200,7400,18300,9150
52,5752464740.0,13,당일도축 한우 암소 대구뭉티기 생고기 우둔살 육사시미 육회 물회 캠핑고기,한우대구뭉티기,21600,532.0,680.0,325,그립소,3500,300,7200,25100,8367
53,5752464740.0,13,당일도축 한우 암소 대구뭉티기 생고기 우둔살 육사시미 육회 물회 캠핑고기,한우대구뭉티기,28000,532.0,680.0,325,그립소,3500,400,7000,31500,7875
54,5752464740.0,13,당일도축 한우 암소 대구뭉티기 생고기 우둔살 육사시미 육회 물회 캠핑고기,한우대구뭉티기,34000,532.0,680.0,325,그립소,3500,500,6800,37500,7500
55,5752464740.0,13,당일도축 한우 암소 대구뭉티기 생고기 우둔살 육사시미 육회 물회 캠핑고기,한우대구뭉티기,39600,532.0,680.0,325,그립소,3500,600,6600,43100,7184
56,5752464740.0,13,당일도축 한우 암소 대구뭉티기 생고기 우둔살 육사시미 육회 물회 캠핑고기,한우육회,14800,532.0,680.0,325,그립소,3500,200,7400,18300,9150
57,5752464740.0,13,당일도축 한우 암소 대구뭉티기 생고기 우둔살 육사시미 육회 물회 캠핑고기,한우육회,21600,532.0,680.0,325,그립소,3500,300,7200,25100,8367
58,5752464740.0,13,당일도축 한우 암소 대구뭉티기 생고기 우둔살 육사시미 육회 물회 캠핑고기,한우육회,28000,532.0,680.0,325,그립소,3500,400,7000,31500,7875
59,5752464740.0,13,당일도축 한우 암소 대구뭉티기 생고기 우둔살 육사시미 육회 물회 캠핑고기,한우육회,34000,532.0,680.0,325,그립소,3500,500,6800,37500,7500
60,5752464740.0,13,당일도축 한우 암소 대구뭉티기 생고기 우둔살 육사시미 육회 물회 캠핑고기,한우육회,39600,532.0,680.0,325,그립소,3500,600,6600,43100,7184
61,5752464740.0,13,당일도축 한우 암소 대구뭉티기 생고기 우둔살 육사시미 육회 물회 캠핑고기,한우뭉티기+육회,24000,532.0,680.0,325,그립소,3500,300,8000,27500,9167
62,5271354325.0,14,초신선 당일도축 대구뭉티기 한우육회 소고기 육사시미 생고기 육회 250g 600g,육사시미250g(1-2인 추천) 오후3시 전까지 당일출고,25000,111.0,70.0,106,남도의식탁,4000,250,10000,29000,11600
63,5271354325.0,14,초신선 당일도축 대구뭉티기 한우육회 소고기 육사시미 생고기 육회 250g 600g,육사시미600g(2-4인추천) 오후3시 전까지 당일출고 (+19000원),44000,111.0,70.0,106,남도의식탁,4000,600,7334,48000,8000
64,4775996545.0,15,당일도축 한우 우둔살 육사시미 뭉티기 육회 250g 600g,토요일 도착 당일도축 한우 육사시미 250g + 양념장,19900,1481.0,898.0,126,바다베개,4000,250,7960,23900,9560
65,4775996545.0,15,당일도축 한우 우둔살 육사시미 뭉티기 육회 250g 600g,토요일 도착 당일도축 한우 육사시미 600g +양념장 (+20000원),39900,1481.0,898.0,126,바다베개,4000,600,6650,43900,7317
66,4775996545.0,15,당일도축 한우 우둔살 육사시미 뭉티기 육회 250g 600g,토요일 도착 당일도축 한우 육사시미(깍둑썰기)300g (+2900원),22800,1481.0,898.0,126,바다베개,4000,300,7600,26800,8934
67,5965222160.0,16,당일도축 대구 원조 뭉티기 육사시미 한우 육회 생고기 120g 240g,뭉티기 120g + 양념장+참기름 (1개),13900,594.0,1783.0,687,돌쇠네 농산물,0,120,11584,13900,11584
68,5965222160.0,16,당일도축 대구 원조 뭉티기 육사시미 한우 육회 생고기 120g 240g,뭉티기 240g + 양념장+참기름 (2개) (+11000원),24900,594.0,1783.0,687,돌쇠네 농산물,0,240,10375,24900,10375
69,5290907398.0,18,초신선 당일도축 한우육회 한우 대구뭉티기 당일손질 육사시미 생고기 우둔살 양념장서비스,당일도축 한우육회 120g+소스 / 1인분,9900,1483.0,1642.0,507,신선테이블,3500,120,8250,13400,11167
70,5290907398.0,18,초신선 당일도축 한우육회 한우 대구뭉티기 당일손질 육사시미 생고기 우둔살 양념장서비스,당일도축 한우육회 240g+소스 / 2인분 (+9100원),19000,1483.0,1642.0,507,신선테이블,3500,240,7917,22500,9375
71,5290907398.0,18,초신선 당일도축 한우육회 한우 대구뭉티기 당일손질 육사시미 생고기 우둔살 양념장서비스,당일도축 한우뭉티기 120g+소스 / 1인분 (+1000원),10900,1483.0,1642.0,507,신선테이블,3500,120,9084,14400,12000
72,5290907398.0,18,초신선 당일도축 한우육회 한우 대구뭉티기 당일손질 육사시미 생고기 우둔살 양념장서비스,당일도축 한우뭉티기 240g+소스 / 2인분 (+11000원),20900,1483.0,1642.0,507,신선테이블,3500,240,8709,24400,10167
73,4842570907.0,19,[양념장서비스] 대구 찰딱뭉티기 당일도축 한우 생고기 육사시미 육회,[뭉티기양념장 증정] 한우 뭉티기 150g,14500,340.0,100.0,84,테이스티포유,4000,150,9667,18500,12334
74,4842570907.0,19,[양념장서비스] 대구 찰딱뭉티기 당일도축 한우 생고기 육사시미 육회,[육회양념장 증정] 한우 육회 150g,14500,340.0,100.0,84,테이스티포유,4000,150,9667,18500,12334
75,6415679235.0,20,당일도축 한우 육회 육사시미 대구뭉티기 뭉텅이 고기 택배,1등급 한우육회 200g+소스증정,12900,20.0,68.0,34,팔도명인,3500,200,6450,16400,8200
76,6415679235.0,20,당일도축 한우 육회 육사시미 대구뭉티기 뭉텅이 고기 택배,1등급 한우육회 400g+소스증정 (+10000원),22900,20.0,68.0,34,팔도명인,3500,400,5725,26400,6600
77,6415679235.0,20,당일도축 한우 육회 육사시미 대구뭉티기 뭉텅이 고기 택배,1등급 한우육회 600g+소스증정 (+19000원),31900,20.0,68.0,34,팔도명인,3500,600,5317,35400,5900
78,6415679235.0,20,당일도축 한우 육회 육사시미 대구뭉티기 뭉텅이 고기 택배,1등급 한우뭉티기 200g+소스증정 (+500원),13400,20.0,68.0,34,팔도명인,3500,200,6700,16900,8450
79,6415679235.0,20,당일도축 한우 육회 육사시미 대구뭉티기 뭉텅이 고기 택배,1등급 한우뭉티기 400g+소스증정 (+11000원),23900,20.0,68.0,34,팔도명인,3500,400,5975,27400,6850
80,6415679235.0,20,당일도축 한우 육회 육사시미 대구뭉티기 뭉텅이 고기 택배,1등급 한우뭉티기 600g+소스증정 (+21000원),33900,20.0,68.0,34,팔도명인,3500,600,5650,37400,6234
81,6187624664.0,21,투뿔나인 특상 한우 설깃머리 설깃살 뭉티기 육사시미 생고기 250g [극진한우],없음,19800,52.0,,37,극진한우,3000,250,7920,22800,9120
82,5419803193.0,22,국내1% 투뿔나인 육회 육사시미 생고기 대구 뭉티기 우둔살 보섭살 설깃살 꾸리살 소고기,1.한우1++9등급 육회(300g),27900,203.0,79.0,115,질기지않소,3500,300,9300,31400,10467
83,5419803193.0,22,국내1% 투뿔나인 육회 육사시미 생고기 대구 뭉티기 우둔살 보섭살 설깃살 꾸리살 소고기,2.한우1++9등급 육사시미(300g) (+1000원),28900,203.0,79.0,115,질기지않소,3500,300,9634,32400,10800
84,5263730419.0,23,[성강한우] 소 잡는날 대구명물 생고기 당일도축 한우 뭉티기 / 육사시미 300g,8/19(금) 당일도축 예약발송,22100,13.0,,12,성강한우,4000,300,7367,26100,8700
85,5061435051.0,24,대구 뭉티기 600g 당일도축 한우육회 소고기육회 용 생고기 육사시미,당일도축 뭉테기600g+특제소스,43900,29.0,7.0,8,싱싱이네,4000,600,7317,47900,7984
86,5061435051.0,24,대구 뭉티기 600g 당일도축 한우육회 소고기육회 용 생고기 육사시미,당일도축 뭉테기250g+특제소스 (-16000원),27900,29.0,7.0,8,싱싱이네,4000,250,11160,31900,12760
87,,25,마장동소고기 투뿔 한우 초신선 육사시미 뭉티기 소스 무료제공 500g,얇께썰기 서울당일배달,40000,19.0,40.0,53,마장동시장 장보기.,4000,500,8000,44000,8800
88,5410305719.0,26,한우 육회 육사시미 생고기 뭉티기 당일도축,육사시미 300g 8/18(목) 출고,22900,877.0,438.0,331,땡큐파머스,3000,300,7634,25900,8634
89,5410305719.0,26,한우 육회 육사시미 생고기 뭉티기 당일도축,육회 300g 빠른 출고 (-6000원),16900,877.0,438.0,331,땡큐파머스,3000,300,5634,19900,6634
90,5122822833.0,27,당일도축 대구 뭉티기 한우 우둔살 250g 600g(덩어리),250g(덩어리)+양념장,19500,74.0,19.0,26,철따라농산물,4000,250,7800,23500,9400
91,5122822833.0,27,당일도축 대구 뭉티기 한우 우둔살 250g 600g(덩어리),600g(덩어리)+양념장 (+21000원),40500,74.0,19.0,26,철따라농산물,4000,600,6750,44500,7417
92,5278835485.0,28,당일도축 한우 뭉티기 육사시미 육회 소고기 생고기 대구뭉티기,한우 육사시미 300g,23900,26.0,13.0,18,농부의 바구니,3000,300,7967,26900,8967
93,5278835485.0,28,당일도축 한우 뭉티기 육사시미 육회 소고기 생고기 대구뭉티기,한우 육회 300g,23900,26.0,13.0,18,농부의 바구니,3000,300,7967,26900,8967
94,5278835485.0,28,당일도축 한우 뭉티기 육사시미 육회 소고기 생고기 대구뭉티기,육사시미300g + 육회300g (+17000원),40900,26.0,13.0,18,농부의 바구니,3000,600,6817,43900,7317
95,6942813754.0,30,뭉티기 한우 육회 뭉텅이 고기 마장동 축산 시장,마장동 1++등급 한우 육사시미 250g,25900,,,0,지구생활발전소,3000,250,10360,28900,11560
97,,32,[대구 명물] 당일 도축 한우 우둔살 뭉티기 생고기 육사시미 300g 150g,150g (-9000원),15900,212.0,117.0,162,와룡시장 황현두,3500,150,10600,19400,12934
98,,32,[대구 명물] 당일 도축 한우 우둔살 뭉티기 생고기 육사시미 300g 150g,300g,24900,212.0,117.0,162,와룡시장 황현두,3500,300,8300,28400,9467
99,5653655927.0,33,한우 육회 1등급 200g 소스포함 이유식 우둔살 뭉티기 육사시미,없음,11300,187.0,191.0,57,한우공방,3000,200,5650,14300,7150
100,5604876835.0,34,(주)성진한우 대구 생고기 뭉티기 뭉텅이 육사시미 우둔살 육회 고기 육회용고기 오드레기,육회(200g/소스증정) (-1000원),11960,83.0,50.0,22,성진한우.성진고기마트,3500,200,5980,15460,7730
101,5604876835.0,34,(주)성진한우 대구 생고기 뭉티기 뭉텅이 육사시미 우둔살 육회 고기 육회용고기 오드레기,육사시미(덩어리 200g/소스증정),12960,83.0,50.0,22,성진한우.성진고기마트,3500,200,6480,16460,8230
102,5604876835.0,34,(주)성진한우 대구 생고기 뭉티기 뭉텅이 육사시미 우둔살 육회 고기 육회용고기 오드레기,육회+육사시미(200g+200g/소스증정) (+10960원),23920,83.0,50.0,22,성진한우.성진고기마트,3500,400,5980,27420,6855
103,5077832126.0,35,대구 뭉티기 생고기 육사시미 당일도축 한우육회 소고기육회 한우우둔살 150g 300g,한우뭉티기(육사시미)150g+수제양념장+참기름,14980,268.0,37.0,14,스위트쿡,4000,150,9987,18980,12654
104,5077832126.0,35,대구 뭉티기 생고기 육사시미 당일도축 한우육회 소고기육회 한우우둔살 150g 300g,한우육회150g+수제양념장,14980,268.0,37.0,14,스위트쿡,4000,150,9987,18980,12654
105,5077832126.0,35,대구 뭉티기 생고기 육사시미 당일도축 한우육회 소고기육회 한우우둔살 150g 300g,한우뭉티기(육사시미)300g+수제양념장+참기름 (+12000원),26980,268.0,37.0,14,스위트쿡,4000,300,8994,30980,10327
106,5077832126.0,35,대구 뭉티기 생고기 육사시미 당일도축 한우육회 소고기육회 한우우둔살 150g 300g,한우육회300g+수제양념장 (+12000원),26980,268.0,37.0,14,스위트쿡,4000,300,8994,30980,10327
107,6446806233.0,36,[박판호순천한우] 한우 육사시미 뭉티기 120g,육사시미 120g + 양념장1개,11900,2.0,,1,박판호순천한우,3000,120,9917,14900,12417
108,6446806233.0,36,[박판호순천한우] 한우 육사시미 뭉티기 120g,육사시미 240g + 양념장2개 (+11000원),22900,2.0,,1,박판호순천한우,3000,240,9542,25900,10792
109,6446806233.0,36,[박판호순천한우] 한우 육사시미 뭉티기 120g,육사시미 360g + 양념장2개 (+22000원),33900,2.0,,1,박판호순천한우,3000,360,9417,36900,10250
110,4926918923.0,38,삼남매고깃간 광주 한우 생고기 육사시미 뭉티기 120g / 고추장 베이스 소스 증정,육사시미 120g - 1인분,11700,312.0,102.0,160,더농부마켓,4000,120,9750,15700,13084
111,4903594698.0,39,당일도축 삼남매고깃간 한우 육사시미 뭉티기 생고기 240g 양념장서비스,육사시미 120g 1인분(덩어리째) (-11700원),11700,135.0,48.0,33,오가닉빅마트,4000,120,9750,15700,13084
112,4903594698.0,39,당일도축 삼남매고깃간 한우 육사시미 뭉티기 생고기 240g 양념장서비스,육회 120g 1인분(덩어리째) (-10900원),12500,135.0,48.0,33,오가닉빅마트,4000,120,10417,16500,13750
113,4903594698.0,39,당일도축 삼남매고깃간 한우 육사시미 뭉티기 생고기 240g 양념장서비스,육회 120g 1인분(채썰기) (-9900원),13500,135.0,48.0,33,오가닉빅마트,4000,120,11250,17500,14584
114,4903594698.0,39,당일도축 삼남매고깃간 한우 육사시미 뭉티기 생고기 240g 양념장서비스,육사시미 240g 2인분(덩어리째),23400,135.0,48.0,33,오가닉빅마트,4000,240,9750,27400,11417
115,4903594698.0,39,당일도축 삼남매고깃간 한우 육사시미 뭉티기 생고기 240g 양념장서비스,육회 240g 2인분(덩어리째) (+1600원),25000,135.0,48.0,33,오가닉빅마트,4000,240,10417,29000,12084
116,4903594698.0,39,당일도축 삼남매고깃간 한우 육사시미 뭉티기 생고기 240g 양념장서비스,육회 240g 2인분(채썰기) (+3600원),27000,135.0,48.0,33,오가닉빅마트,4000,240,11250,31000,12917
117,5122831011.0,40,대구 뭉티기 우둔살 육회 육사시미 250g 600g(덩어리),250g(덩어리),19500,22.0,2.0,17,정한담,4000,250,7800,23500,9400
118,5122831011.0,40,대구 뭉티기 우둔살 육회 육사시미 250g 600g(덩어리),600g(덩어리) (+21000원),40500,22.0,2.0,17,정한담,4000,600,6750,44500,7417
119,6039069303.0,41,[박판호순천한우] 한우 육회 육사시미 뭉티기,육사시미 120g + 양념장1개 (+2000원),12900,2.0,,3,박판호순천한우,3000,120,10750,15900,13250
120,6039069303.0,41,[박판호순천한우] 한우 육회 육사시미 뭉티기,육사시미 240g + 양념장2개 (+13000원),23900,2.0,,3,박판호순천한우,3000,240,9959,26900,11209
121,6039069303.0,41,[박판호순천한우] 한우 육회 육사시미 뭉티기,육사시미 360g + 양념장2개 (+24000원),34900,2.0,,3,박판호순천한우,3000,360,9695,37900,10528
122,6039069303.0,41,[박판호순천한우] 한우 육회 육사시미 뭉티기,육회 150g + 양념장1개,10900,2.0,,3,박판호순천한우,3000,150,7267,13900,9267
123,6039069303.0,41,[박판호순천한우] 한우 육회 육사시미 뭉티기,육회 300g + 양념장2개 (+9000원),19900,2.0,,3,박판호순천한우,3000,300,6634,22900,7634
124,6039069303.0,41,[박판호순천한우] 한우 육회 육사시미 뭉티기,육회 450g + 양념장2개 (+19000원),29900,2.0,,3,박판호순천한우,3000,450,6645,32900,7312
125,5697382233.0,42,[미미캠핑]초신선 한우 뭉티기 150g,없음,13500,34.0,47.0,33,미미 상회,4000,150,9000,17500,11667
126,6929883547.0,44,당일도축 한우 육사시미 대구 뭉티기 생고기,육사시미 250g + 뭉티기양념 50g,23900,,,0,엄지네스토어,4000,300,7967,27900,9300
128,5305003766.0,46,뭉티기 육사시미 한우 대구 뭉태기 250g 600g 육회고기 육회용 거세소 장흥 마장동,한우 육사시미 250g 바로출고(오후2시전주문건기준) (+5000원),19900,77.0,58.0,37,싼재네마켓,4000,250,7960,23900,9560
129,5305003766.0,46,뭉티기 육사시미 한우 대구 뭉태기 250g 600g 육회고기 육회용 거세소 장흥 마장동,한우 육사시미 600g 바로출고(오후2시전주문건기준) (+26000원),40900,77.0,58.0,37,싼재네마켓,4000,600,6817,44900,7484
130,6315899112.0,47,한우 육사시미 뭉티기 국내산 채끝 살치살 치마살 꽃등심 갈비살 한우 선물세트,한우 육사시미(뭉티기) 300g,27900,52.0,1.0,34,참좋은 제주몰,0,300,9300,27900,9300
131,6315899112.0,47,한우 육사시미 뭉티기 국내산 채끝 살치살 치마살 꽃등심 갈비살 한우 선물세트,한우 육사시미(뭉티기) 600g (+17000원),44900,52.0,1.0,34,참좋은 제주몰,0,600,7484,44900,7484
132,5748056378.0,48,당일도축 주인직접 대구뭉티기 한우생고기 육사시미 육회 300g+소스,육사시미+소스 300g,21600,28.0,41.0,23,그립소,3500,300,7200,25100,8367
133,5748056378.0,48,당일도축 주인직접 대구뭉티기 한우생고기 육사시미 육회 300g+소스,육사시미+소스 400g (+6400원),28000,28.0,41.0,23,그립소,3500,400,7000,31500,7875
134,5748056378.0,48,당일도축 주인직접 대구뭉티기 한우생고기 육사시미 육회 300g+소스,육회+소스 300g,21600,28.0,41.0,23,그립소,3500,300,7200,25100,8367
135,5748056378.0,48,당일도축 주인직접 대구뭉티기 한우생고기 육사시미 육회 300g+소스,육회+소스 400g (+6400원),28000,28.0,41.0,23,그립소,3500,400,7000,31500,7875
136,5305488640.0,51,[대구 명물] 당일 도축 한우 우둔살 뭉티기 생고기 육사시미 300g 150g,150g (-9000원),15900,212.0,117.0,6,맛꾼푸드,3500,150,10600,19400,12934
137,5207096989.0,53,한우 암소 투플러스 홍두깨 300g 육회 육사시미 뭉티기 육전 이유식 1++,육사시미300g,19500,17.0,20.0,6,소문난정육점,3000,300,6500,22500,7500
138,5207096989.0,53,한우 암소 투플러스 홍두깨 300g 육회 육사시미 뭉티기 육전 이유식 1++,육사시미600g (+19500원),39000,17.0,20.0,6,소문난정육점,3000,600,6500,42000,7000
139,5207096989.0,53,한우 암소 투플러스 홍두깨 300g 육회 육사시미 뭉티기 육전 이유식 1++,육회300g,19500,17.0,20.0,6,소문난정육점,3000,300,6500,22500,7500
140,5207096989.0,53,한우 암소 투플러스 홍두깨 300g 육회 육사시미 뭉티기 육전 이유식 1++,육회600g (+19500원),39000,17.0,20.0,6,소문난정육점,3000,600,6500,42000,7000
141,6989547260.0,55,한우 육사시미 뭉티기 고기 육회 생고기 뭉텅이,한우 뭉티기250g (+2600원),17500,1.0,5.0,0,좋은사람들입니다,0,250,7000,17500,7000
142,6989547260.0,55,한우 육사시미 뭉티기 고기 육회 생고기 뭉텅이,한우 뭉티기600g (+25100원) (품절),40000,1.0,5.0,0,좋은사람들입니다,0,600,6667,40000,6667
143,6989547260.0,55,한우 육사시미 뭉티기 고기 육회 생고기 뭉텅이,1등 육회300g,14900,1.0,5.0,0,좋은사람들입니다,0,300,4967,14900,4967
144,6941889455.0,57,마장동한우 뭉티기 육사시미 250g 투뿔한우,육사시미 250g,25900,,,0,위플러스온,3000,250,10360,28900,11560
145,6149150439.0,59,흑사시미 반근 진짜 프리미엄 뭉티기 흑사시미,없음,28300,1.0,1.0,3,바다에 빠진 산적,4000,300,9434,32300,10767
146,5522154297.0,61,육사시미 소스 뭉티기 우둔살 한우 대구,당일도축 한우 육사시미 250g+대구양념장,20000,3.0,3.0,10,율이네식탁,4000,250,8000,24000,9600
147,5522154297.0,61,육사시미 소스 뭉티기 우둔살 한우 대구,당일도축 한우 육사시미 600g+대구양념장 (+19500원),39500,3.0,3.0,10,율이네식탁,4000,600,6584,43500,7250
151,5785391114.0,68,마장동소고기 투뿔 한우 초신선 육사시미 뭉티기 소스 무료제공 500g,얇께썰기 서울당일배달,40000,19.0,40.0,0,허우적,4000,500,8000,44000,8800
152,5320859991.0,70,한우 육사시미(생고기뭉티기) 250g3개+소스3개 당일,없음,59000,2.0,,8,주식회사두드림,0,250,23600,59000,23600
153,6000298203.0,72,[미미캠핑]초신선 한우 뭉티기 300g,없음,27000,10.0,16.0,5,미미 상회,4000,300,9000,31000,10334
154,6943180790.0,74,대구 뭉티기 소고기 국거리 초기이유식 육회고기,한우육회 우둔살 300g (+7000원),29800,2.0,2.0,1,워커하이브,0,300,9934,29800,9934
155,6943180790.0,74,대구 뭉티기 소고기 국거리 초기이유식 육회고기,한우육회 우둔살 600g (+19200원),42000,2.0,2.0,1,워커하이브,0,600,7000,42000,7000
157,,78,1등급 한우 뭉티기 200g,없음,15900,23.0,,0,전국농부들,4000,200,7950,19900,9950
158,,80,(대정한우) 냉장 한우 뭉티기 200g[],없음,12250,18.0,,1,우체국쇼핑,3000,200,6125,15250,7625
